userid,amount,code,section
ben.ng.2009,11,IS100,S1
calvin.ng.2009,12,IS100,S1
dawn.ng.2009,13,IS100,S1
eddy.ng.2009,14,IS100,S1
fred.ng.2009,15,IS100,S1
harry.ng.2009,17,IS100,S1
ian.ng.2009,18,IS100,S1
larry.ng.2009,19,IS100,S1
maggie.ng.2009,20,IS100,S1
maggie.ng.2009,20,IS101,S1
maggie.ng.2009,20,IS107,S1
maggie.ng.2009,20,IS200,S1
maggie.ng.2009,20,IS108,S1
maggie.ng.2009,20,IS201,S1
maggie.ng.2009,20,IS202,S1
neilson.ng.2009,21,IS100,S1
neilson.ng.2009,21,IS101,S1
amy.ng.2009,220,IS100,S1
calvin.ng.2009,12,IS102,S1
olivia.ng.2009,22,IS100,S1
olivia.ng.2009,2200,ECON001,S1
olivia.ng.2009,2200,ECON001,S1
ethan.yang.2017,22,ECON005,S100
ethan.yang.2017,22,ECON005,S1
ethan.yang.2017,2200,ECON005,S100
,,,
olivia.ng.2009,,,
,22,,
,,ECON001,
,,,S1
